<?xml version="1.0" encoding="utf-8"?>
<modification>
    <name>fondy_payment</name>
    <code>default</code>
    <version>2.1.0.0</version>
    <author>D.M.</author>
    <link>http://dm.com/</link>
    <file path="catalog/controller/checkout/checkout.php">
        <operation>
            <search><![CDATA[public function index() {]]></search>
            <add position="after"><![CDATA[
            if (isset($this->session->data['oplata_error'])){
			$data['oplata_error']=$this->session->data['oplata_error'];
			 
			}unset($this->session->data['oplata_error']);
			]]></add>
        </operation>
    </file>
	<file path="catalog/view/theme/*/template/checkout/checkout.tpl">
        <operation>
            <search><![CDATA[<h1><?php echo $heading_title; ?></h1>]]></search>
            <add position="after"><![CDATA[
            <?php if (isset($oplata_error)) { ?>
        <div class="alert alert-warning"><?php echo $oplata_error; ?><button type="button" class="close" data-dismiss="alert">×</button></div>
        <?php } ?>
			]]></add>
        </operation>
    </file>
	<file path="catalog/view/theme/*/template/common/header.tpl">
        <operation>
            <search><![CDATA[<?php foreach ($styles as $style) { ?>]]></search>
            <add position="before"><![CDATA[
              <script src="https://api.fondy.eu/static_common/v1/checkout/ipsp.js"></script>
			]]></add>
        </operation>
    </file>

</modification>