<?xml version="1.0" encoding="utf-8"?>
<modification>

	<name>Carrossel em Produtos Relacionados</name>
	<code>Carrossel em Produtos Relacionados</code>
	<version>1.0.0</version>
	<author>Swat PC</author>
	<link>http://www.swatpc.com.br</link>
	
	
	<file path="catalog/view/theme/*/template/product/product.tpl">
	<operation>
	<search trim="true"><![CDATA[ <?php echo $header; ?>]]></search>
	<add position="after"><![CDATA[
	<link href="catalog/view/javascript/jquery/owl-carousel/owl.carousel.css" type="text/css" rel="stylesheet" media="screen" />
	<script src="catalog/view/javascript/jquery/owl-carousel/owl.carousel.min.js" type="text/javascript"></script>
	]]></add>
	</operation>	
	
	<operation>
	<search trim="true"><![CDATA[  <h3><?php echo $text_related; ?></h3> ]]></search>
	<add position="after" offset="1"><![CDATA[
	<div id="related">
	]]></add>
	</operation>	
	
	<operation>
	<search trim="true"><![CDATA[  <?php echo $content_bottom; ?></div> ]]></search>
	<add position="before"><![CDATA[
	</div>
	]]></add>
	</operation>	
	
	<operation>
	<search trim="true"><![CDATA[  <?php $class = 'col-lg-3 col-md-3 col-sm-6 col-xs-12'; ?> ]]></search>
	<add position="replace" offset="2"><![CDATA[
	<?php $class = 'col-lg-3 col-md-3 col-sm-6 col-xs-12'; ?>
        <?php } ?>
        <div class="col-xs-12 owlCarousel">
	]]></add>
	</operation>	
	
	<operation>
	<search trim="true"><![CDATA[ <?php echo $footer; ?> ]]></search>
	<add position="before"><![CDATA[
	<script type="text/javascript"><!--
$('#related').owlCarousel({
  items:2,
  autoPlay: false,
  navigation: true,
  navigationText: ['<i class="fa fa-chevron-left fa-5x"></i>', '<i class="fa fa-chevron-right fa-5x"></i>'],
  pagination: true,
  items : 4,
  // Responsive 
    responsive: true,
    responsiveRefreshRate : 200,
    responsiveBaseWidth: window,
  //Pagination
    pagination : false,
    itemsDesktop : [1199,4],
    itemsDesktopSmall : [980,4],
    itemsTablet: [768,2],
    itemsTabletSmall: false,
    //Lazy load
    lazyLoad : false,
    lazyFollow : true,
    lazyEffect : "fade",
    itemsMobile : [479,1]

});
--></script>
	]]></add>
	</operation>	
	</file>
	
	
</modification>